{
    "parent": "builtin/generated",
    "textures": {
        "layer0": "items/potion_overlay",
        "layer1": "items/potion_bottle_drinkable"
    },
    "display": {
        "thirdperson": {
            "rotation": [ -90, 0, 0 ],
            "translation": [ 0, 1, -3 ],
            "scale": [ 1.0, 1.0, 1.0 ]
        },
        "firstperson": {
            "rotation": [ 0, -135, 25 ],
            "translation": [ 0, 4, 2 ],
            "scale": [ 1.7, 1.7, 1.7 ]
        }
    }
}
